example_id,is_challenging,challenging_types,article_excerpt,summary_A,summary_B,annotator_name,faithfulness_A,faithfulness_B,coverage_A,coverage_B,fluency_A,fluency_B,overall_preference,notes
ex_001,yes,multi_entity,"Opera isn't normally a field associated with animal cruelty, but the two worlds have collided in China after a singer posted pictures of herself wearing a headdress made from kingfisher feathers. Web users and conservationists quickly criticised her indifference towards animal welfare after it emerged the accessory was made from the feathers of no less than 80 of the colourful birds, according to the People's Daily Online. Outcry: Opera singer Liu Guijuan is heavily criticised for showing off her headdress (pictured) made with feather from 80 kingfishers . Peking opera singer Liu Guijuan wrote in her post on Weibo, China's equivalent of Twitter, that she had bought the rare headpiece more than a decade ago for 120,000 yuan (£10,775). 'It […]","Opera singer Liu Guijuan faced backlash after posting pictures of a headdress made from the feathers of 80 kingfishers, purchased for 120,000 yuan (£10,775). Conservationists and web users criticized her for disregarding animal welfare, with some calling for her to step down. While some defended her, citing industry rules and artistic tradition, others suggested using fake feathers instead. Liu initially defended her actions but later removed the post; two of China's 11 kingfisher species are protected, and police in Guangdong recently seized 60,000 dead kingfishers.","Peking opera singer Liu Guijuan posted pictures of her headdress on Weibo. It was made from the feathers of no less than 80 kingfishers. She said she bought the rare headpiece more than a decade ago for 120,000 yuan (£10,775) Two of the 11 types of kingfisher in China are protected species.",,,,,,,,,
ex_002,yes,multi_entity,"Airline rivals Ryanair and Aer Lingus have locked horns once again on Twitter. In not-so-subtle posts on the social networking site, the two carriers reignited their feud by posting tweets concerning their operation at Dublin Airport. Ryanair, run by Michael O'Leary, shared a photo of two of its staff by an advertising banner in Terminal 2, along with the words: 'Low Fares have come to @DublinAirport T2 at last. 'Fly from T1 for the lowest fares made simple.' Ryanair took to Twitter for a cheeky promotional photo in Terminal 2 in Dublin - where Aer Lingus fly out from . In response to Ryanair's post, Aer Lingus had a dig at where Ryanair fly their passengers out too . Ryanair […]","Ryanair and Aer Lingus engage in light-hearted banter on Twitter. Ryanair posts photo of staff in Terminal 2 at Dublin Airport. Aer LingUS responds by saying 'Fly from T2 at @DublinAirport to central locations across Europe. T1 gets you nearly there, we get you really there'","Ryanair and Aer Lingus engaged in another Twitter feud, exchanging jabs about their operations at Dublin Airport. Ryanair posted a promotional photo in Terminal 2, where Aer Lingus operates, prompting Aer Lingus to respond with a dig at Ryanair's use of smaller, less central airports. This follows a previous Twitter spat in January over Ryanair using an Aer Lingus plane in its promotional material. The rivalry occurs as the UK Court of Appeal prepares to rule on Ryanair's stake in Aer Lingus, which may force Ryanair to reduce its ownership due to competition regulations.",,,,,,,,,
ex_003,no,,"Bayern Munich will be without versatile left-back David Alaba for the closing stages of the season after he was ruled out for around seven weeks with a torn knee ligament. Alaba, out for three months earlier this season after a partial ligament tear in his right knee, was injured while playing for Austria in their 1-1 draw against Bosnia on Tuesday. 'I am bitterly disappointed,' the 22-year-old told the club's website. 'But I have a big aim and that is to be there at the season finale.' David Alaba is tackled by Emir Spahic's tackle during Austria's 1-1 draw against Bosnia-Herzegovina . Marc Janko (left) celebrates with Martin Harnik and Alaba after he scored against Liechtenstein last Friday . He […]",David Alaba was injured while playing for Austria in their 1-1 draw against Bosnia-Herzegovina on Tuesday. The 22-year-old is set to start rehabilitation work in about a month. Bayern Munich face Porto in the Champions League quarter-finals later this month.,"Bayern Munich's left-back David Alaba will miss the season's closing stages due to a torn knee ligament, sidelining him for around seven weeks. The injury occurred during Austria's 1-1 draw against Bosnia, marking his second significant knee injury this season. Alaba expressed disappointment but aims to return for the season finale. He had been instrumental in Bayern's pursuit of a treble, with the team currently leading the Bundesliga and advancing in the German Cup and Champions League.",,,,,,,,,
ex_004,yes,multi_entity; long_article,"Washington (CNN)In 2011, al Qaeda took Warren Weinstein hostage. Then, about a year later, his family paid money to his captors, said a Pakistani source who was in regular contact with the kidnappers. It did not lead to the American aid worker's release, and he was inadvertently killed in an anti-terror strike in January, the White House announced Thursday. After the transfer of funds in 2012, the captors, who never referred to themselves as ""al Qaeda,"" but instead as ""Afghans,"" began demanding prisoners be released in exchange for Weinstein, most prominently Dr. Aafia Siddiqui of Pakistan, the source said. She has been described as the ""poster girl"" for Islamic jihad and is serving an 86-year sentence in the United States. […]","Warren Weinstein's family paid money to his captors, a Pakistani source says. It did not lead to the American aid worker's release, and he was inadvertently killed in an anti-terror strike. After the transfer of funds in 2012, the captors began demanding prisoners be released in exchange for Weinstein.","Warren Weinstein, an American aid worker, was taken hostage by al Qaeda in 2011 and later killed in a U.S. anti-terror strike in January 2015. His family paid a ransom to his captors in 2012, but it did not secure his release, and the captors later demanded prisoner exchanges, including Dr. Aafia Siddiqui. The captors, who identified as ""Afghans,"" maintained regular contact with a Pakistani source, boasting of connections to other terror events and threatening Weinstein's life. Despite efforts by Weinstein's family and Maryland lawmakers to secure his release, including meetings with U.S. and Pakistani officials, he was inadvertently killed in a drone strike, leading to emotional reactions from those involved in his case.",,,,,,,,,
ex_005,yes,multi_entity,"World No 1 Novak Djokovic has apologised to the startled ball boy caught in the crossfire of a tirade at his support team during his win over Andy Murray in Sunday's Miami Open final. Djokovic lost his cool at the end of the second set as Murray came back to take the match to a decider but has since expressed his regret at the incident in a video posted on Facebook. During the rant, Djokovic snatched a towel from the shocked youngster before umpire Damien Dumusois gave him a code violation for the outburst, saying it 'didn't look good' as he sat down between the change of ends. Novak Djokovic issued an apology via Facebook to a ball boy he […]","World No. 1 Novak Djokovic apologized to a ball boy he startled during a heated outburst at his support team in the Miami Open final against Andy Murray. Djokovic, frustrated after losing the second set, snatched a towel from the ball boy, prompting a code violation from the umpire. In a Facebook video, Djokovic expressed regret, emphasizing no intent to harm or scare the boy and extending his apology to the boy's parents. Despite the incident, Djokovic rallied to win the match 7-6, 4-6, 6-0, claiming his fifth Miami Open title.",Novak Djokovic lost his cool at the end of the second set of the Miami Open final against Andy Murray. The world No 1 grabbed a towel from the ball boy who seemed startled by the loud confrontation. The youngster was caught in the crossfire of a tirade at his support team during his win over Murray in Sunday's final. The Serbian issued an apology via Facebook.,,,,,,,,,
ex_006,yes,multi_entity,"In-form Lazio will have an extra spring in their step when they take to the Stadio Olimpico pitch to face Empoli on Sunday. The Roman outfit clinched a spot in the final of the Coppa Italia on Wednesday with 1-0 victory over Napoli, a result which sealed a 2-1 triumph on aggregate. They will now face Juventus in the Coppa final on June 7. And defender Mauricio managed to capture the celebrations of the Lazio supporters using a selfie stick after they secured their progression. Lazio defender Mauricio captures the Lazio fans celebrations via selfie stick . Senad Lulic, the Lazio midfielder who scored the winning goal on Wednesday, said to Gazzetta dello Sport: 'It was important to reach the […]","Lazio secured a spot in the Coppa Italia final with a 1-0 win over Napoli, advancing 2-1 on aggregate, and will face Juventus on June 7. Defender Mauricio celebrated with fans using a selfie stick, while midfielder Senad Lulic, who scored the winning goal, expressed confidence in Lazio's chances against Juve. Lazio aims to extend their seven-game winning streak in Serie A when they host Empoli, sitting third in the standings, one point behind Roma. Juventus, meanwhile, reached the Coppa final with a 3-0 win over Fiorentina and plays Parma on Saturday.",Lazio beat Napoli 1-0 on Wednesday to reach the Coppa Italia final. They will now face Juventus in the final on June 7. Defender Mauricio captured the Lazio fans celebrations using a selfie stick. Lazio face Empoli in Serie A on Sunday.,,,,,,,,,
ex_007,no,,"A teenager is in intensive care after he drunkenly slid down a glass shopping centre roof and crashed onto stone steps. Jacob Polyakov cracked his head on the floor after plunging off the edge of the SEC 'Globe' centre in Kiev, Ukraine. His friend Jamal Maslow, who fell off the roof first, broke his coccyx after landing on the corner of one of the steps. Witnesses rushed over to the teenagers, both 17, after the accident and found Mr Maslow in huge amounts of pain. Mr Polyakov was unconscious. Pavel Yaremenko was at the shopping centre and said the problems started when the boys began to 'fool around' at the top of the building. The 29-year-old said: 'I don't think […]","Two 17-year-old teenagers, Jacob Polyakov and Jamal Maslow, were injured after sliding down the glass roof of the SEC 'Globe' shopping centre in Kiev, Ukraine, while intoxicated. Polyakov is in intensive care after hitting his head on stone steps, while Maslow broke his coccyx. Witnesses reported the boys were encouraged by friends to slide down the roof but quickly regretted it as they gained speed. Both were taken to the hospital, with Polyakov found unconscious and Maslow in severe pain.","Jacob Polyakov cracked his head after plunging off the edge of the SEC 'Globe' centre in Kiev, Ukraine. His friend Jamal Maslow, who fell off the roof first, broke his coccyx after landing on the corner of one of the steps. Witnesses rushed over to the teenagers, both 17, after the accident and found Mr Maslow in huge amounts of pain.",,,,,,,,,
ex_008,no,,The anticipation has been ramped up ahead of next month's $300million mega fight between Floyd Mayweather Jnr and Manny Pacquiao. American television network Showtime has released a short promotional video from within the Mayweather camp as the build up to the May 2 bout at the MGM Grand in Las Vegas. Against the backdrop of a dramatic soundtrack the short film takes inside the gym with the undefeated American as he prepares for the biggest fight the sport has ever witnessed. The Showtime video takes you inside Floyd Mayweather Jnr's training camp ahead of $300m fight . The undefeated American looks focused as he takes a breather after a workout . Mayweather works on the bag as he prepares for […],Floyd Mayweather Jnr and Manny Pacquiao will fight on May 2 in Las Vegas. American television network Showtime has released a short promotional video from within the Mayweather camp. Mayweather is down to within three-and-a-half pounds of the welterweight limit ahead of mega-fight.,"The highly anticipated $300 million fight between Floyd Mayweather Jr. and Manny Pacquiao is set for May 2 at the MGM Grand in Las Vegas. Showtime released a promotional video showcasing Mayweather's training camp, highlighting his focus and dedication as he prepares for the bout. Mayweather, undefeated and nearing the welterweight limit, expressed his strong desire to win, calling it an ""unbelievable match-up."" Both fighters have been sharing their training progress on social media, with the fight for the WBA, WBO, and WBC welterweight titles just weeks away. Mayweather was within three-and-a-half pounds of the 147 lbs limit during a mandatory check 30 days before the fight.",,,,,,,,,
ex_009,no,,"Three friends got the fright of their life when they were confronted by a pod of baby killer whales while on a crabbing trip. Steven Sloan, joined by friends Michael Niccum and Eugene Dight were on an aluminium rowboat when the encounter occurred off the west coast of Anderson Island, Washington. Filming from the boat, Steven captured the orcas swimming from afar – two of them can be seen jumping from the water. At a safe distance: The group cheer in excitment as Steven captures two orcas swimming and jumping from the water . The group on the boat cheer and yell in excitement at what they are witnessing as the whales appear to start moving closer to the boat. […]","Steven Sloan, joined by friends Michael Niccum and Eugene Dight were on an aluminium rowboat when the encounter occurred off the west coast of Anderson Island, Washington. The group believe that the sound of the rope being pulled along the side of the boat is what attracted the orcas.","Three friends, Steven Sloan, Michael Niccum, and Eugene Dight, encountered a pod of baby killer whales while crabbing off Anderson Island, Washington. Initially excited, they filmed the orcas swimming and jumping from a distance, but grew nervous as the whales approached their aluminum rowboat. Believing the sound of a rope being pulled attracted the orcas, the group panicked as one whale emerged close to the boat, with one member shouting, ""We need to get out of here."" The whales circled the boat, prompting nervous laughter and pleas from the group, who eventually rowed back to shore. Steven later shared the video, inviting viewers to laugh at their reaction and enjoy the orcas.",,,,,,,,,
ex_010,no,,"Breakthrough?: Early tests carried out on cancer cells (like the one pictured) have shown survival rates in mice were boosted by more than 50 per cent . A new technique that effectively gives a personal treatment for cancer has been found by scientists. It harnesses the power of the body’s immune system and targets it at tumours. Early experiments have demonstrated that the new method could revolutionise cancer care. Scientists have found a system of priming the body’s immune system to recognise, attack and kill off cancerous cells in lung, skin and bowel tumours. The team which carried out the research found that early trials ‘profoundly retarded’ tumour growth in mice. Survival rates were boosted by more than 50 per […]",New technique harnesses the power of the body’s immune system and targets it at tumours. Early experiments have demonstrated that the new method could revolutionise cancer care. Scientists are now recruiting patients with skin cancer for the first clinical trial on humans. British experts said it is the most promising sign yet that ‘personal’ treatments may be effective in treating a wide range of cancers.,"Scientists have developed a new cancer treatment technique that harnesses the body's immune system to target and kill cancerous cells in lung, skin, and bowel tumors. Early experiments on mice showed a 50% increase in survival rates, with the treatment ""profoundly retarding"" tumor growth. The method involves creating personalized vaccines based on an individual's tumor genetic makeup, boosting the immune system's T-cells to detect and destroy cancer cells. The first human clinical trial is set to begin with skin cancer patients, and experts believe this approach may provide a universal blueprint for targeting various human cancers.",,,,,,,,,
ex_011,no,,"This is the moment a thief fled the scene after stealing the sat nav from a 73-year-old injured pensioner's crashed car as she waited for an ambulance. The 73-year-old woman suffered severe bruising to her legs and ribs after her blue Vauxhall Corsa collided with railings on the petrol forecourt of the Asda store in Hulme, Manchester. She was waiting from an ambulance with her husband, who has dementia, when the thief sneaked into her car and stole the black Garmin device from underneath the passenger seat. A member of the public took a photograph of the suspect as he left the scene and walked across the grass with his dog at around 12pm last Thursday. A man wearing purple […]","The 73-year-old woman suffered severe bruising to her legs and ribs. Her blue Vauxhall Corsa collided with railings on the petrol forecourt of the Asda store in Hulme, Manchester. She was waiting from an ambulance with her husband, who has dementia, when the thief sneaked into her car and stole the black Garmin device. A member of the public took a photograph of the suspect as he left the scene.","A thief stole a sat nav from a 73-year-old woman's crashed car while she waited for an ambulance after colliding with railings in Hulme, Manchester. The woman, who suffered severe bruising, was with her husband, who has dementia, when the thief took the device from under the passenger seat. A member of the public photographed the suspect, described as a man aged 30-40 with a beard and wearing purple shorts, leaving the scene with his dog. Greater Manchester Police have issued the photograph and are appealing for anyone who recognizes the man to come forward. The victim described the thief as ""the lowest of the low"" in her statement.",,,,,,,,,
ex_012,no,,"Two armed robbers have been caught on camera using a sledgehammer and an axe to try and smash their way into a jewellery shop. The raiders were foiled by a brave employee who barricaded the door to the premises, and they proceeded to flee on a motorbike. A passer-by captured photographs of the two criminals, and police have now appealed for the public to help them identify the offenders. Raid: One of two robbers who used a sledgehammer and an axe to try and break in to a jewellery shop . The attempted break-in took place in Pemberton, a suburb of Wigan in Greater Manchester, on Saturday afternoon. One of the raiders used a sledgehammer to smash through an internal […]","Two armed robbers attempted to break into a jewellery shop in Pemberton, Wigan, using a sledgehammer and an axe, but were thwarted by a brave employee who barricaded the door. The raiders fled on a motorbike after being pushed back through a broken window, threatening a passer-by with the axe. Greater Manchester Police are investigating potential links to a similar break-in last week and have appealed for public assistance in identifying the offenders, commending the shop worker's bravery and a bystander who captured photos of the criminals. Anyone with information is urged to contact police or Crimestoppers.","The attempted break-in took place in Pemberton, a suburb of Wigan in Greater Manchester. One of the robbers used a sledgehammer to smash through an internal wooden door. The other used a axe to smash security glass at Uncle Jewellers and Pawn Brokers. When a worker barricaded the door and pushed one of them back through the broken window they fled the scene.",,,,,,,,,
ex_013,no,,"A hero pilot pulled his plane out of a terrifying North Sea nosedive with just seven seconds to spare. The plane began to plunge after it was struck by lightning, but autopilot ignored the pilot’s commands to climb and tried to crash the plane into the sea. The airliner pitched down, falling at 9,500ft a minute, and fell to just 1,100ft above the ocean before its commander wrestled back control just moments before it was about to crash into the icy water. The Loganair flight was just seconds from crashing into the north sea before its commander saved the day . The 42-year-old pilot put out a Mayday emergency signal before regaining control and saving his 30 passengers and three […]",Loganair flight from Aberdeen to Shetland was struck by lightning. autopilot ignored pilot's commands to climb and tried to crash the plane into the sea. Pilot wrestled back control just moments before it was about to crash into the icy water. The aircraft landed safely in Aberdeen with only minor damage and no injuries.,"A Loganair flight from Aberdeen to Shetland narrowly avoided crashing into the North Sea after being struck by lightning, which caused the autopilot to malfunction and send the plane into a nosedive. The pilot regained control just 1,100ft above the ocean, saving 30 passengers and three crew members. The incident occurred on December 15 during severe weather conditions, and the plane landed safely in Aberdeen with minor damage. An investigation by the AAIB found no technical faults with the aircraft, attributing the dive to the autopilot system countering the pilot's actions, and pilot training now includes simulations of the event.",,,,,,,,,
ex_014,no,,"This extraordinary video - captured when a skydiver dropped his GoPro camera at 10,000ft - shows what it is like to freefall to the ground. The clip shows the very moment the helmet camera becomes detached and makes its dizzying descent back to earth. After what begins as a routine skydive - with two of the jumpers linking hands in mid-air as two companions circle them - the camera slips from helmet and makes its stomach-churning plunge to the ground. It spins quickly to the ground for a minute and a half before crashing into a field. Remarkably, the camera remains intact despite falling from the great height. The video was taken of a routine skydive in Everöd, Sweden and […]","The video was taken of a routine skydive in Everöd, Sweden and recorded on the helmet of one of the divers. The camera slips from helmet and makes its stomach-churning plunge to the ground. Remarkably, the camera remains intact despite falling from the great height.","A GoPro camera detached from a skydiver's helmet at 10,000 feet during a routine skydive in Everöd, Sweden, capturing its dizzying freefall to the ground. The camera spun uncontrollably for one and a half minutes before crashing into a field in Gringelstad, remarkably remaining intact. The footage, believed to be four years old, was found by Kristoffer Örstadius's father, who uploaded it to YouTube, leading to the owner's identification. The video has since amassed over 250,000 views, showcasing the camera's dramatic descent and survival.",,,,,,,,,
ex_015,no,,"Elephants are often seeing travelling single file, using their trunk to hold onto another mammal’s tail in front of them. But one young elephant decided to go it alone, when it walked alongside its herd and even broke their chain. Captured at Whipsnade Zoo, the video shows keepers assisting six elephants along a path – five of which walk in single file. The baby elephant can be seen walking alongside its herd, which travel in a single file line . As the first three elephants move from the shot, the fourth – a smaller elephant – is flanked by a baby. It stops to dawdle as it reaches the grass and uses its trunk to pick something up off the […]","A video captured at Whipsnade Zoo shows a young elephant breaking the single-file chain of its herd by walking alongside and then forcing its way back into the line. The baby elephant dawdles, picks something up with its trunk, and disrupts the tail-to-trunk connection between the last two elephants. The filmmaker described the scene as unexpected and amusing, highlighting the cheeky behavior of the young elephant. Whipsnade Zoo, located in Bedfordshire, is known for its large land area and diverse animal population.","Elephants are often seen travelling single file, using their trunk to hold onto another mammal’s tail in front of them. But one young elephant decided to go it alone, when it walked alongside its herd and even broke their chain. Captured at Whipsnade Zoo, the video shows keepers assisting six elephants along a path.",,,,,,,,,
ex_016,no,,"Forget sit and lie down. This skillful pooch has mastered the art of paw-stand walking. Loren Mathieson filmed her pet Boston Terrier, Gizmo, performing the gravity-defying stunt one day at home after he tried on a set of new booties. Footage shows him taking a few steps forwards before planting down his front feet and launching his back legs vertically in the air. He then proceeds to walk forwards, performing some graceful sidesteps as he goes. Mathieson can be heard laughing while she watches Gizmo in action. When he reaches her on the floor, he eventually steps back down to four paws. Mathieson said Gizmo performed the trick because he was unsure how to walk in his new black boots. […]","Loren Mathieson filmed her Boston Terrier, Gizmo, walking on his front paws after trying on new booties, unsure how to walk in them. The video shows Gizmo taking steps forward, lifting his back legs vertically, and gracefully sidestepping. Mathieson’s laughter is heard as Gizmo eventually returns to all fours when he reaches her. The clip has been viewed over 80,000 times, bringing smiles to many viewers.","Loren Mathieson filmed her pet Boston Terrier, Gizmo, performing the gravity-defying stunt one day at home. Footage shows him taking a few steps forwards before planting down his front feet and launching his back legs vertically in the air. To date the video of his circus-like trick has been watched more than 80,000 times.",,,,,,,,,
ex_017,no,,"A convicted sex offender was reportedly run over by his girlfriend after she allegedly caught him abusing a 12-year-old girl. James Oliver, 48, was left with a serious leg injury after being allegedly hit by a car driven by Linda Currier, 53. Police report that they found Oliver in the driveway of a home in Noblesboro, Maine, on Saturday night, reports NBC News. James Oliver, 48, (left) was allegedly hit by a car driven by Linda Currier, 53 (right) who caught him allegedly trying to sexually assault a young girl . They said that the pair had argued inside the home after Currier caught him allegedly trying to sexually assault the young girl, authorities said. The dispute moved outside the […]","James Oliver, 48, was left with a serious leg injury after being allegedly hit by a car driven by Linda Currier, 53. Police report that they found Oliver in the driveway of a home in Noblesboro, Maine, on Saturday night. Currier was arrested for operating under the influence and aggravated assault - she was later released on bail pending a court appearance. Oliver was previously convicted of sexual abuse of a minor and rape, according to the Maine Sex Offender Registry.","James Oliver, a convicted sex offender, was allegedly run over by his girlfriend, Linda Currier, after she caught him attempting to sexually assault a 12-year-old girl in Noblesboro, Maine. The incident occurred on Saturday night, resulting in a serious leg injury for Oliver. Currier was arrested for operating under the influence and aggravated assault, while Oliver was later charged with attempted gross sexual assault, unlawful sexual touching, and failing to comply with the sex offender registration act. Oliver, previously convicted of sexual abuse of a minor and rape, was transferred to a state prison pending a court appearance.",,,,,,,,,
ex_018,no,,"Animal-lovers look away now! This is the moment a skateboarder bombs down a road at 40mph and collides with a deer head-on as it unexpectedly leaps out. Footage shows 27-year-old Jared Henry of Arkansas being knocked off his longboard to the ground while the doe spins on its stomach into a ditch. After coming to a standstill, Henry rolls over on the tarmac and opens his mouth in apparent pain. The pro-sportsman was shooting a video for the Fayettechill outdoor clothing brand before the freak accident took place. The deer apparently broke its pelvis and died while Henry recovered from the incident unscathed. Recalling the chain of events he later wrote on Facebook: 'Stoked to be alive is all I […]","A skateboarder, Jared Henry, collided with a deer while filming a video at 40mph in the Ozark Mountains. The deer died from a broken pelvis, while Henry escaped unharmed. Henry later expressed relief at surviving the incident and shared his experience on Facebook. The video has garnered over 300,000 views, with viewers noting Henry's fortunate escape.",Footage shows 27-year-old Jared Henry of Arkansas being knocked off his longboard to the ground while the doe spins on its stomach into a ditch. The deer apparently broke its pelvis and died while Henry recovered from the incident unscathed. The pro-sportsman was shooting a video for the Fayettechill outdoor clothing brand.,,,,,,,,,
ex_019,yes,numeric_heavy; multi_entity,"Another day, another baton change, another away defeat for Middlesbrough. Aitor Karanka would surely have made his defenders walk home from Watford were it not for the probability they’d spend most of the journey travelling in circles. This was that kind of game, a top-of-the-table occasion when Middlesbrough needed to deliver but ultimately failed on every scale – they did not create, they did not contain. They might have survived with deficiencies in one department, but not both. What a cruel time to deliver one of their worst performances of a brilliant season. What a cruel time for the Championship’s best defence to explode at the seams. Odion Ighalo's shot flies into the top corner of Dimi Konstantopoulos' net on […]","Middlesbrough suffered a 2-0 away defeat to Watford, with goals from Troy Deeney and Odion Ighalo, losing their Championship lead. Defensive errors and a lack of creativity contributed to Middlesbrough's poor performance, marking their fourth loss in five away games. Watford's strikers, Deeney and Ighalo, were praised for their effectiveness, with Deeney reaching 20 goals for the season and Ighalo scoring his 19th. Middlesbrough manager Aitor Karanka expressed pride in his team's overall season but acknowledged the need to improve, while Watford manager Slavisa Jokanovic highlighted the importance of the win for their promotion push.",Troy Deeney opened the scoring for Watford in the 37th minute. Odion Ighalo scored his 19th goal of the season in the second half. Middlesbrough have now lost four of their past five away games. Aitor Karanka's side remain top of the Championship.,,,,,,,,,
ex_020,no,,"Perhaps it was the excitement of the Grand National, but this horse fell at the first hurdle after wandering into thick mud. It was hardly Becher's Brook - one of Aintree's most notorious fences - but Cody somehow found himself stuck in the bog in Belvedere, south-east London. Crew members climbed into the watery ditch as they tried to ease the distressed animal to safety on Friday afternoon. Sticky situation: Animal rescue experts spent more than an hour rescuing Cody after he wandered into a bog . Cody was covered head to hoof in mud after being dragged to safety, but - despite being shaken by the ordeal - was otherwise unharmed. Borough Commander for Bexley Richard Welch said crews […]","Cody got stuck in the bog in Belvedere, south-east London. Fire crews worked for an hour and a half to free the distressed animal. The horse was covered head to hoof in mud after being dragged to safety. He has been taken back to the stables to be seen by a vet.","Cody, a horse, got stuck in a muddy bog in Belvedere, south-east London, on Friday afternoon. Animal rescue experts and fire crews worked for over an hour to free the distressed animal, who was covered in mud but unharmed. The rescue operation began shortly before 1:30 pm and ended at 2:55 pm. Cody was taken back to the stables to be examined by a vet. Borough Commander Richard Welch confirmed the horse's safety and joked about its unlikely participation in the Grand National.",,,,,,,,,
ex_021,no,,"A pair of foxes viciously fight to the death in a battle to claim a lone Vixen. The savage animals tumbled down a snowy Iceland mountainside and crashed onto the rocky beach below during the vicious struggle. Wildlife photographer Einar Gudmann caught the violent encounter on camera. He had been sleeping in his warm shelter when he was suddenly woken by howling. A pair of Arctic foxes viciously fight to the death on the snow in a battle to claim a lone Vixen . The amazing scene was captured on camera by wildlife photographer Einar Gudmann, who was woken up by howling . The two foxes fought each other in bitter sub-zero temperatures after one of them had been copulating […]","A pair of Arctic foxes engaged in a deadly fight over a vixen on a snowy Iceland mountainside, captured by wildlife photographer Einar Gudmann. The battle began when a third fox interrupted a mating pair, leading to a vicious struggle that tumbled down to a rocky beach. One fox gained a dominant bite, forcing the other into the sea, and the wet, wounded loser was not expected to survive the night. The victorious fox searched for the vixen, who had fled to the mountainside, while the defeated fox struggled to escape, likely facing its final night.","Wildlife photographer Einar Gudmann caught the violent encounter on camera. He had been sleeping in his warm shelter when he was suddenly woken by howling. After emerging into the bitter sub-zero temperatures, he spotted a female and male fox copulating. But the pair weren't alone - a third Arctic fox lurked nearby. Without warning the single fox emerged and began to growl and howl at the pair. Wiggling free, the female ran for the hills while the two male foxes began to fight.",,,,,,,,,
ex_022,no,,"(CNN)Their relationship led to jail time for her, but Mary Kay Letourneau Fualaau wants the world to know that she and her husband, Vili Fualaau, are still happily together. She was a married 34-year-old teacher and mother of four in Seattle in 1996 when she began an affair with Fualaau, her 13-year-old student. Letourneau gave birth to her young lover's child and went on to serve more than seven years in prison on charges related to their sexual relationship. On Friday, ABC's ""20/20"" will air an exclusive interview with the couple, who will celebrate their 10th wedding anniversary on May 20. The pair wed soon after she was released from prison in 2005 and are now the parents of two […]","Mary Kay Letourneau Fualaau, a former teacher who served over seven years in prison for having a sexual relationship with her 13-year-old student, Vili Fualaau, is now 53 and still married to him. They will celebrate their 10th wedding anniversary on May 20 and have two teenage daughters together. In an upcoming ABC ""20/20"" interview, the couple discusses their marriage, Letourneau's plans to teach again and have her sex offender status lifted, and Fualaau's struggles with alcoholism and depression. Letourneau was 34 when the relationship began, and Fualaau is now 31.","Mary Kay Letourneau Fualaau was a 34-year-old teacher and mother of four in 1996. She began an affair with her 13- year-old student, Vili Fuala Pau. She gave birth to her lover's child and went on to serve more than seven years in prison.",,,,,,,,,
ex_023,yes,numeric_heavy; multi_entity,"(CNN)Can a prayer for diamonds actually turn up a gem? When you're exploring the fields at Crater of Diamonds State Park in Murfreesboro, Arkansas, the odds are higher than usual. ""Are you going to bless me and let me find a diamond today?"" That was Susie Clark's prayer on April 23, according to the state park service. Soon after, Clark, who is from Evening Shade, Arkansas, saw a 3.69-carat white, teardrop-shaped diamond in the plowed field. Inspired by her prayer, Clark named it the Hallelujah Diamond. She plans to keep it. The diamond, which is the largest found at the park so far this year, is about the size of a pinto bean, says park interpreter Waymon Cox. ""And it's […]","Susie Clark found a 3.69-carat white, teardrop-shaped diamond at Crater of Diamonds State Park. It's the 122nd diamond found at the park so far this year. Visitors get to keep what they find at the state park's 37.5-acre search field.","Susie Clark found a 3.69-carat white diamond, the largest this year, at Crater of Diamonds State Park in Arkansas after praying for a gem. She named it the Hallelujah Diamond and plans to keep it. The park, the only public diamond-digging site globally, allows visitors to retain their finds. Over 75,000 diamonds have been discovered since 1906, with the largest being the 40.23-carat Uncle Sam found in 1924. Park staff regularly plow the field to bring more diamonds to the surface for visitors.",,,,,,,,,
ex_024,no,,"A youngster admiring his catch was left surprised when the fish jumped up and slapped him in the face. Quinn Patrick was on a fishing trip with his dad at Snow Lake, Indiana when the pair caught a bowfin, videoed lying lifeless on a concrete dock. Crouching over the fish, Quinn deliberates whether someone should put it back in the water. When suddenly the Bowfin propels itself from the ground and slaps the youngster straight in the face with its large tail. The sound of the fish making impact with the youngster’s face is not dissimilar to a sound effect used in a cartoon. Recoiling, Quinn stumbles backwards in shock as his dad begins laughing – prompting the youngster to […]","Quinn Patrick was on a fishing trip with his dad at Snow Lake, Indiana. The pair caught a bowfin, videoed lying lifeless on a concrete dock. Quinn deliberates whether someone should put it back in the water. When suddenly the Bowfin propels itself from the ground and slaps the youngster straight in the face with its large tail.","Quinn Patrick, on a fishing trip with his dad at Snow Lake, Indiana, was surprised when a seemingly lifeless bowfin fish suddenly propelled itself from the ground and slapped him in the face with its tail. The incident, captured on video, included a cartoon-like sound effect upon impact, causing Quinn to recoil in shock while his dad laughed, eventually prompting Quinn to laugh along. After noticing blood on the fish, Quinn expressed concern, but his dad reassured him that the fish was hurt before they caught it. The video concluded with the father discussing the size of the bowfin’s teeth, and the article provided additional information about bowfin, a demersal freshwater fish native to North America.",,,,,,,,,
ex_025,no,,"Paul Gregory, 51, of Bedford, has been fined £795 for having a blue badge, claiming he could only walk 200 metres, when in fact he was a keen walker . A disability badge holder who claimed he could only walk 200 metres ended up in court after council officials noticed a newspaper report recounting his exploits on a 191-mile hike. When Paul Gregory, 51, applied to renew his blue badge, he claimed exercise left him breathless, despite being a keen walker and member of a mountaineering club. He was exposed when Bedford Borough Council staff read an article in The Westmorland Gazette, describing how the 'experienced walker' had been attacked by cows in Cumbria on the third day of a […]","Paul Gregory, 51, from Bedford, was fined £795 and ordered to perform 150 hours of unpaid work for dishonestly obtaining a blue badge by claiming he could only walk 200 metres, despite being a keen walker and member of a mountaineering club. He was exposed when council officials discovered a newspaper article detailing his 191-mile hike and another weekend walking trip in Wales. Gregory pleaded guilty to two counts of misrepresenting his physical abilities at Luton Magistrates' Court. Bedford Borough Council described the case as one of the most outrageous instances of blue badge fraud they had investigated.","Paul Gregory, 51, claimed exercise left him breathless, despite being a keen walker and member of a mountaineering club. He was exposed when Bedford Borough Council staff read an article in The Westmorland Gazette, describing how the 'experienced walker' had been attacked by cows in Cumbria. He pleaded guilty to two counts of dishonestly obtaining a blue badge by misrepresenting his physical abilities at Luton Magistrates' Court. Gregory was fined £795 and ordered to carry out 150 hours of unpaid work.",,,,,,,,,
ex_026,yes,multi_entity,"A man has been arrested in connection with the death of a transgender escort who was found strangled and beaten last month. Vanessa Santillan's body was found in a £400,000 flat in Fulham, south west London, at the end of March. The 33-year-old Mexican national, who worked as a transgender escort, died as a result of injuries to the head and neck. Vanessa Santillan, 33, was killed at the end of March. Her body was found in a flat in Fulham having been strangled and beaten to death . A 23-year-old man was arrested in connection with her death but has been bailed. He has been told to return to a London police station for further questioning at a later […]","Vanessa Santillan's body was found in a £400,000 flat in Fulham, London. The 33-year-old, who worked as a transgender escort, died as a result of injuries to the head and neck. A man, 23, has been arrested in connection with her death but has been bailed. Scotland Yard is appealing to anyone who may have had contact with her before her death.","A 23-year-old man has been arrested and bailed in connection with the death of Vanessa Santillan, a 33-year-old transgender escort found strangled and beaten in a Fulham flat in March. Santillan, a Mexican national working in London, Paris, and Miami, died from head and neck injuries. Scotland Yard is appealing for information about her final hours, emphasizing they will do 'everything' to solve the case. Detective Chief Inspector Rebecca Reeves urged anyone who saw Santillan on the days before her death to come forward.",,,,,,,,,
ex_027,no,,"Edinson Cavani found a novel way of burying bad news, as the PSG striker overcame another disappointing night's work against Barcelona with a day out at the zoo. The Uruguayan has struggled in the shadow of Zlatan Ibrahimovic during his time in the French capital, and continued to toil at the Camp Nou, as Laurent Blanc's side went down to a comfortable 2-0 second-leg defeat. But rather than wallow in self-pity, the 28-year-old put on his cardigan and headed for a local zoo. Edinson Cavani strokes the head of a male goat at the animal sanctuary he visited after Barcelona defeat . Cavani perches himself on a wooden fence for a photo opportunity with the llamas his South American friends […]",PSG lost 2-0 to Barcelona in the Champions League last 16 second leg. Edinson Cavani has struggled in the shadow of Zlatan Ibrahimovic. The 28-year-old has scored 18 goals for the Ligue 1 side this season. Manchester United are said to be monitoring his situation closely.,"Edinson Cavani, PSG's striker, visited a zoo after a disappointing 2-0 defeat to Barcelona, where he struggled to perform. The 28-year-old posed for pictures with various animals, including goats, bears, and llamas. Despite scoring 18 goals this season, Cavani's performance has been questioned by the media, and his future at the club is uncertain, with Manchester United reportedly monitoring his situation. Cavani, however, has expressed his desire to stay at PSG for the duration of his contract.",,,,,,,,,
ex_028,yes,numeric_heavy; multi_entity; long_article,"Tesla founder Elon Musk has unveiled a 'revolutionary' $3,000 (£1,980) battery which he claims can run an entire home for eight hours. Musk introduced the Powerwall device at a press conference in California last night and said the technology could 'change the world'. The device, which could be in homes by the end of summer, will be able to store electricity at night when it is cheaper. Scroll down for video . Tesla has unveiled a $3,000 (£1,980) home battery that can power an entire house for eight hours. Powerwall is three feet wide and four feet tall, weighs 220lbs, and can be installed on an outside or inside wall. The left images shows the 10kWh version while on the […]","Tesla founder Elon Musk has unveiled a $3,000 (£1,980) battery. He claims it can run an entire home for eight hours. Powerwall is three feet wide and four feet tall, and weighs 220lbs. It can be installed either on an outside or inside wall of a home. The technology powers up overnight when electricity rates are cheaper. Users can then switch the battery on during the day to use the home.","Tesla founder Elon Musk has unveiled the Powerwall, a $3,000 home battery that can power a house for eight hours, storing electricity at night when rates are cheaper. The device, available in 7kWh and 10kWh versions, can be installed on an interior or exterior wall and used for daily energy needs or as emergency backup power. Musk claims the technology could revolutionize energy use, allowing homeowners to store renewable energy and reduce reliance on the grid. Tesla also introduced the Powerpack, a scalable system for businesses and utilities, aiming to transform the global energy infrastructure to zero carbon.",,,,,,,,,
ex_029,no,,"Burglars gutted a family home in what police have described as the worst case of 'mindless destruction' they have ever witnessed. The intruders broke into a home in Hatfield Peverel, Essex, flooded the kitchen, dumped the TV in a bath filled with water and slashed sofas and chairs in a wanton wrecking spree. They stole jewellery including a wedding ring and watches, a computer, laptop and tablet from the house and left thousands of pounds in damage. These photos show the scenes left by mindless burglars after they ransacked a home - leaving the owners with thousands of pounds worth of damage . The intruders broke into home in Hatfield Peverel, Essex, flooded the kitchen, dumped the TV in a […]","Burglars caused extensive damage to a family home in Hatfield Peverel, Essex, flooding the kitchen, slashing furniture, and stealing valuable items including jewellery, electronics, and sentimental heirlooms. The intruders also left behind signs of their presence, such as bread and butter on the sideboard, and caused thousands of pounds in damage. The victim described the scene as ""mindless destruction,"" and Detective Constable Nick Campbell called it one of the worst examples of vandalism he has seen in his career. The police are determined to catch the perpetrators before they strike again.","intruders broke into a home in Hatfield Peverel, Essex, flooded the kitchen, dumped the TV in a bath filled with water and slashed sofas and chairs. They stole jewellery including a wedding ring and watches, a computer, laptop and tablet from the house and left thousands of pounds in damage. The group even stopped for some toast - leaving bread and butter out on the sideboard.",,,,,,,,,
ex_030,no,,"An American woman proved that she is no arachnophobe when she posed with her rather snappy pet tarantula and allowed it to bite her hand. Footage shows exotic pet owner Kayonna Cole holding her female rose hair spider up to the camera as it digs its fangs into her skin. Kayonna, who filmed the moment at her home in Los Angeles, remains calm throughout the video, but later suffered a reaction to the spider's venom. Kayonna holds her hand steady and remains calm as the tarantula removes its fangs from her skin . Clearly visible are the tarantula’s fangs, which it immediately begins to use to pinch away at Kayonna’s hand. Unflinching, Kayonna holds her hand steady as the tarantula […]","Kayonna Cole, an exotic pet owner from Los Angeles, calmly allowed her pet tarantula, a female rose hair spider, to bite her hand while filming. The video shows the spider digging its fangs into her skin, with Kayonna remaining unflinching despite the spider's aggressive behavior. Later, she experienced a reaction to the venom, describing symptoms like redness, soreness, and itching, but noted the tarantula's venom is low toxicity, similar to a bee sting. Cole shared that the spider might have been testing its fangs or showing aggression during the incident.","Kayonna Cole filmed the moment at her home in Los Angeles. She remains calm throughout the video, but later suffered a reaction to the spider's venom. Kayonna said that the particular type of tarantula has low toxicity venom similar to that of a bee sting.",,,,,,,,,
ex_031,no,,"It looks like something straight out of a Hollywood movie, and on April 1st, most cynics may assume the Research Vessel Flip is a poorly considered joke. But the 355-foot scientific platform is genuine and has been used by the US Office for Naval Research for more than 50 years. The RV Flip does not have its own engine and has to be towed to the location of scientific study, where it turns 90 degrees, leaving just 50 feet above the surface. The reason behind the flip, is that with 300 feet below the surface, the vessel becomes incredibly stable. Instead of bobbing up and down on the waves like a traditional boat, it keeps its position. Scroll down for […]","The Research Vessel Flip (RV Flip), a 355-foot scientific platform, has been used by the US Office for Naval Research for over 50 years. It lacks an engine and is towed to its destination, where it flips 90 degrees, leaving only 50 feet above the surface, providing exceptional stability for research. The vessel uses ballast tanks to shift its center of gravity, completing the flip in 20 minutes. It accommodates five crew and eleven researchers for up to 30 days, conducting studies in underwater acoustics, oceanography, meteorology, and marine mammal observation. Launched in 1962, it was initially vital for submarine development during the Cold War and has since been used for marine life and weather research.","Vessel has been used by the US Office for Naval Research for more than 50 years. It is used to measure underwater acoustics as well as water temperature. It can be also used for oceanography, meteorology and marine mammal observation. The vessel can accommodate five crew and up to eleven researchers for up to 30 days.",,,,,,,,,
ex_032,no,,"A man who lost his sight 12 years ago has discovered a love of painting and can create amazing images just by touch. John Bramblitt, 42, had epilepsy from the age of 11 and over the next 19 years it slowly caused him to lose his eyesight. At the age of 30, the artist from Denton in Texas was completely blind. Despite this, he decided that an inability to see should not prevent him from painting. Scroll down for video . Artist John Bramblitt, right, discovered his love of painting after losing his sight some 12 years ago . The artist uses a special technique using a fabric paint to create an outline before colouring in the work . Despite […]","John Bramblitt, who lost his sight 12 years ago due to epilepsy, has developed a unique painting technique using touch. He uses fabric paint with raised edges to create outlines and different textured paints to fill in colors, based on a mental image. Bramblitt's method allows him to produce highly accurate paintings, including one of his guide dog, which he has never seen. His artwork has gained recognition, and he sells limited edition prints and originals, fostering connections and optimism for his future.","John Bramblitt, 42, developed epilepsy aged 11 which slowly caused him to lose his eyesight. At the age of 30, the artist from Denton in Texas was completely blind. Despite this, he decided that an inability to see should not prevent him from painting. The artist uses a special technique to transfer the scene which he imagines onto the canvas.",,,,,,,,,
ex_033,no,,"Children's soft toys act as a reservoir for bacteria and bring germs into hospitals, scientists have warned. A team of researchers at Vanderbilt University in Tennessee explored how best to minimise the risk of infection after surgery. They note that despite hand washing and other protocols, surgical-site infections continue to pose a problem. Children's toys could act as a reservoir for bacteria and bring germs into hospitals, scientists at Vanderbilt University in Tennessee, have warned . The researchers concluded this implied one of two scenarios. Firstly, that current infection prevention methods are not effective. And secondly that there are alternative sources of bacterial exposure to the surgical wound. Their study revealed that soft toys brought into the operating theatre by […]","Researchers at Vanderbilt University found that children's soft toys can harbor bacteria, potentially increasing the risk of surgical-site infections. Their study revealed that all tested toys showed bacterial growth, but a simple wash and dry cycle followed by sealing in a plastic bag sterilized 79% of them. The team urged parents to clean their child's toys before bringing them into the operating room to minimize infection risks. Future studies will explore the correlation between bacteria on toys and surgical infections, as well as the impact of providing sterile toys.",Researchers at Vanderbilt University in Tennessee explored how best to minimise the risk of infection after surgery. Study revealed that soft toys brought into the operating theatre by children served as a breeding ground for bacteria. Researchers urged parents to wash and sterilise their child's toys before bringing them into the theatre.,,,,,,,,,
ex_034,yes,multi_entity; long_article,"Chelsea welcome Manchester United on Saturday tea-time with the stakes sky-high for the Premier League rivals. For Jose Mourinho’s men it is about seeing home a title bid which, in recent matches, has had to rely on one or two last-gasp interventions. Louis van Gaal's United, meanwhile, have hit top gear and it appears that all roads lead to the Champions League. Here, Sportsmail asks 10 key questions ahead of this weekend’s big match… . Premier League leaders Chelsea host a resurgent Manchester United in the Premier League on Saturday . Blues veteran Didier Drogba celebrates after handing Chelsea the lead at Old Trafford in their previous clash . Robin van Persie rescued a draw with an injury time equaliser […]","Premier League leaders Chelsea host a resurgent Manchester United on Saturday, with both teams having high stakes in the match. United, currently in top form, are aiming for a Champions League spot, while Chelsea seeks to solidify their title bid. Key players like Angel di Maria and Juan Mata are in focus, with Mata's recent success at United contrasting Di Maria's slump. A United victory could significantly impact the title race, potentially narrowing the gap with Chelsea and increasing pressure on the Blues. The match also features managerial egos clashing between Jose Mourinho and Louis van Gaal.",Chelsea host Manchester United in the Premier League on Saturday. Jose Mourinho's men are seven points clear at the top of the table. Louis van Gaal's United have won four games in a row without Angel di Maria. Juan Mata could return to haunt his former club after being pushed out at Stamford Bridge.,,,,,,,,,
ex_035,no,,"The first high-resolution footage of solar flux ropes on the sun has been revealed. In the fascinating video, twisting groups of magnetic fields can be seen writhing around. And with the new images it may be possible to further understand their evolution and how they cause space weather. Research led by a scientist at the New Jersey Institute of Technology has revealed the first high-resolution footage of a solar flux 'rope' taking shape on the sun, shown in this still image . The new footage was revealed in a paper in Nature Communications led by Dr Haimin Wang from the New Jersey Institute of Technology. A solar flare accompanies the twisting flux rope in the footage, which moves around a […]","Fascinating video shows twisting groups of magnetic fields writhing around. They are essentially twisted bundles of magnetic field that extend out of and back into the surface across hundreds of kilometres. As common structures in the solar corona, they are thought to be the main cause of several types of solar weather - including solar flares and CMEs.","Researchers from the New Jersey Institute of Technology, led by Dr. Haimin Wang, have captured the first high-resolution footage of solar flux ropes, revealing their twisting magnetic fields and formation process. The video shows an S-shaped bundle of magnetic fields evolving into a multi-stranded flux rope, accompanied by a solar flare. These structures, common in the solar corona, are believed to cause solar flares and coronal mass ejections (CMEs), impacting space weather and potentially damaging satellites, airlines, and electricity grids. The study, published in *Nature Communications*, aims to enhance understanding of flux rope formation and their role in solar eruptions.",,,,,,,,,
ex_036,yes,multi_entity,Manchester United manager Louis van Gaal says that Wayne Rooney suffered a knee injury during the defeat by Everton at Goodison Park on Sunday. The England international was replaced by Robin van Persie in the closing stages of the Premier League clash and was seen receiving treatment on the bench. And Van Gaal confirmed to MUTV after the game that Rooney had sustained the injury but that it was too early to know the severity. Wayne Rooney winces after injuring his knee during the defeat by Everton at Goodison Park . Rooney waits on the touchline to be replaced by Robin van Persie in the 88th minute . West Brom (home) - May 2 . Crystal Palace (away) - May […],"Manchester United's Wayne Rooney sustained a knee injury during their 3-0 defeat to Everton on Sunday, being replaced by Robin van Persie in the 88th minute. Manager Louis van Gaal confirmed the injury but stated it was too early to determine its severity. The loss marked United's first back-to-back league defeats under Van Gaal, leaving them fourth in the race for Champions League qualification, with Liverpool now applying pressure. The injury adds to a miserable afternoon for United, who saw Everton climb into the top half of the table.",Wayne Rooney suffered a knee injury during Manchester United's defeat by Everton at Goodison Park on Sunday. The England international was replaced by Robin van Persie in the closing stages of the Premier League clash and was seen receiving treatment on the bench. Louis van Gaal confirmed after the game that Rooney had sustained the injury but that it was too early to know the severity.,,,,,,,,,
ex_037,yes,multi_entity,"(CNN)Much like the ardent young royal-watchers of today, enamored by the Duchess of Cambridge's very being, I was similarly captivated by Diana, Princess of Wales when I was a youngster. She was a rare breed: stunningly beautiful, immediately accessible, witty, charming and endearingly mischievous -- she was one in a million. Of course that was long before the, ""there were three of us in this marriage, so it was a bit crowded,"" interviews and tell-all books alleging suicide attempts and acts of betrayal, but back then I was unaware of her more scandalous infamy. I simply adored her ... I still do. As the world awaits the impending birth of William and Kate's second baby, potential names have become the […]","As the world awaits the birth of William and Kate's second child, speculation about potential names is rampant, with many believing the couple is expecting a princess. If a girl, she will be the first Princess of Cambridge born into the royal family in 182 years, making her birth historically significant due to recent changes in succession laws. While ""Diana"" is a popular choice among the public, the author argues against it, citing the divisive nature of Diana's legacy and the potential burden it would place on the child. The author suggests that William honors his mother's memory through his actions as a husband and father, rather than by naming his child after her, and proposes alternative names like Alice, Elizabeth, Victoria, Charlotte, or Alexandra.","As the world awaits the impending birth of William and Kate's second baby, potential names have become the topic of rampant speculation and heated debate. Girls' names are causing the biggest stir, as there seems to be a belief that the couple are expecting a princess. If the assumptions are correct, she will be the first Princess of Cambridge born into the royal family in 182 years.",,,,,,,,,
ex_038,no,,"An infertile woman convinced her new husband to repeatedly rape her 15-year-old daughter so she could have another child. Misty Machinshok, 33, has been jailed for 15 to 30 years for the abuse in which she 'coached' the pair on the best positions to conceive, and held her daughter's hand 'the first few times'. She planned to tell friends and family that the teenager got pregnant with a stranger at a house party in their home town of Wilkes-Barre, Pennsylvania. Her 29-year-old husband Gary Machinshok, who she met through a website called onlinebootycall.com, will be sentenced this month after pleading no contest to raping the child 'every few days' throughout 2013. Jailed: Misty Machinshok, 33, pleaded no contest to all […]","Misty Machinshok, 33, was jailed for 15 to 30 years for convincing her husband, Gary Machinshok, to repeatedly rape her 15-year-old daughter in an attempt to conceive a child, as she is infertile. She coached the pair on positions to conceive and held her daughter's hand during the initial assaults. Gary Machinshok pleaded no contest to raping the teenager and sexually assaulting her 11-year-old sister, with both victims now in foster care. The crime was exposed when a friend of the older girl alerted a teacher, who then called the police. Misty Machinshok pleaded guilty to multiple charges, including rape and child endangerment, to protect her daughter from testifying.","Misty Machinshok, 33, has been jailed for 15 to 30 years for the abuse. She 'coached' the pair on the best positions to conceive, and held her daughter's hand 'the first few times' She planned to tell friends and family that the teenager got pregnant with a stranger at a house party in their home town of Wilkes-Barre, Pennsylvania. Her 29-year-old husband, who she met on onlinebootycall.com, will be sentenced this month after pleading no contest to raping the child 'every few days' throughout 2013.",,,,,,,,,
ex_039,no,,"You might think seemingly endless sales would be guaranteed to tempt shoppers through the door. But high street retailers are boosting their fortunes – by scrapping them. Debenhams and Mothercare have called a halt to long-running promotions which fail to excite shoppers, replacing them with shorter events that have more impact. And both have announced revived figures since making the change. Experts claim prolonged sales can devalue products and encourage shoppers to delay buying an item until it is reduced. High street chains, including Mothercare, are calling time on cut-price promotions that seem to go on forever . Figures show a third of all fashion purchases are now made in a sale or promotion, and there have been warnings that […]","High street retailers like Debenhams and Mothercare are abandoning prolonged sales in favor of shorter, more impactful promotions, leading to improved financial results. Experts argue that continuous sales devalue products and train shoppers to wait for discounts, harming profits. Debenhams has reduced sale days by 39 in the past year, focusing on better initial pricing, while Mothercare has shortened its Christmas sales from eight weeks to three. Retail analysts support this shift, stating that constant discounting erodes margins and becomes a self-perpetuating cycle. Both companies report positive customer feedback and stabilized margins since implementing these changes.","Debenhams and Mothercare have called a halt to long-running promotions. Experts claim prolonged sales can devalue products and encourage shoppers to delay buying an item until it is reduced. A third of all fashion purchases are now made in a sale or promotion. There have been warnings that shoppers are being ‘trained’ not to buy at full price, undermining profits.",,,,,,,,,
ex_040,no,,"This is the shocking moment a worker risked his life by standing on top of a house jet washing a roof with what appears to be just a rope tied around him for safety. The unnamed worker was spotted on the roof 30-feet above the ground on top of an Edwardian semi-detached home in Greenwich, south east London. A local resident noticed the man carrying out the work with a lack of safety equipment on the slippery tiles and quickly took snaps of the man. A worker who was caught jet washing the roof of a home in south east London with just a rope tied around him for safety . The neighbour said: 'I couldn't believe it. He was […]","A worker in Greenwich, south east London, was photographed jet washing a roof 30 feet above the ground with only a rope tied around him for safety. A local resident reported the incident, expressing disbelief at the lack of proper safety equipment. A building expert criticized the setup, stating the worker should have had scaffolding and a harness. The Health and Safety Executive (HSE) intervened, serving a prohibition notice to halt the work until appropriate safety measures are implemented.","The unnamed worker was spotted on the roof 30-feet above the ground on top of an Edwardian semi-detached home in Greenwich, south east London. A local resident noticed the man carrying out the work with a lack of safety equipment on the slippery tiles and quickly took snaps of the man. The image was then passed to the Health and Safety Executive, who attended the property and caught the man doing the same thing.",,,,,,,,,
ex_041,no,,"(CNN)It's obvious that Tom Brady's love for his wife, model Gisele Bundchen, will never go out of fashion. Bundchen walked the runway for the last time Wednesday, and the New England Patriots quarterback wasn't just there to support her in person, he expressed his emotions to the world on Facebook. ""Congratulations Love of my Life,"" Brady wrote. ""You inspire me every day to be a better person. I am so proud of you and everything you have accomplished on the runway. I have never met someone with more of a will to succeed and determination to overcome any obstacle in the way. You never cease to amaze me. Nobody loves life more than you and your beauty runs much deeper […]","Tom Brady publicly expressed his admiration and love for his wife, Gisele Bundchen, on Facebook as she retired from runway modeling after 20 years in the industry. Bundchen, the highest-paid model in 2014, announced her retirement to focus on family and special projects. Brady praised her determination and beauty, calling her the ""love of my life"" and using hashtags #GOAT and #thebestisyettocome. The couple, married since 2009 with two children, will now spend more quality time together.","Gisele Bundchen announced her retirement from the catwalk last weekend. She is the face of Chanel and Carolina Herrera and has her own line of lingerie. ""I want to be with my family more and focus on special projects,"" she said in an interview.",,,,,,,,,
ex_042,no,,"Demand for rubber to make tyres is having a ‘catastrophic’ impact on the world’ s forests, scientists have warned. Up to 21 million acres of jungle will be torn down to make way for rubber plantations in the next decade alone, according to researchers at the University of East Anglia. The demand is putting endangered gibbons, leopards and elephants in south east Asia at risk, a study published in the journal Conservation Letters says. A scene of devastation captured on Indonesia's Borneo island. Endangered species in south east Asia at risk . Lead researcher Eleanor Warren-Thomas said: ‘The tyre industry consumes 70 per cent of all natural rubber grown, and rising demand for vehicle and aeroplane tyres is behind the […]","Up to 21 million acres of jungle will be torn down to make way for rubber plantations in the next decade alone. The demand is putting endangered gibbons, leopards and elephants in south east Asia at risk. The tyre industry consumes 70 per cent of all natural rubber grown. Rising demand for vehicle and aeroplane tyres is behind the recent expansion of plantations.","Scientists from the University of East Anglia warn that the growing demand for rubber, primarily driven by the tyre industry, is causing significant deforestation, with up to 21 million acres of jungle expected to be cleared for rubber plantations by 2024. This expansion threatens endangered species in Southeast Asia, including gibbons, leopards, and elephants, as well as protected areas like the Snoul Wildlife Sanctuary in Cambodia. The study, published in Conservation Letters, highlights that 70% of natural rubber is consumed by the tyre industry, leading to biodiversity loss and the decline of various animal species in affected forests.",,,,,,,,,
ex_043,yes,numeric_heavy; multi_entity,Britain's Adam Peaty has broken the men's 100 metres breast stroke world record with a time of 57.92 seconds at the London Aquatic Centre. The 20-year-old from Uttoxeter's gold-winning time on Friday beat the previous record of 58.46 set by South African Cameron van der Burgh in the same venue at the 2012 Olympics. A tweet from British Swimming's account read: 'WORLD RECORD time for @adam-peaty he hits the wall in 57.92!!!!' British swimmer Adam Peaty is all smiles after setting a new world record for the 100m breast stroke . His time of 57.92 seconds has beaten the previous record of 58.46 set by Cameron van der Burgh in 2012 . Peaty has spoken of his delight that his […],Britain's Adam Peaty has broken the men's 100 metres breast stroke world record with a time of 57.92 seconds at the London Aquatic Centre. The 20-year-old from Uttoxeter's gold-winning time on Friday beat the previous record of 58.46 set by South African Cameron van der Burgh in the same venue at the 2012 Olympics.,"Adam Peaty, a 20-year-old British swimmer, broke the men's 100-meter breaststroke world record with a time of 57.92 seconds at the London Aquatic Centre, surpassing Cameron van der Burgh's 2012 record of 58.46 seconds. Peaty expressed delight in his achievement, crediting his hard work and training. In other events, Ben Proud won the men's 50m freestyle, Fran Halsall secured her 10th consecutive title in the women's 50m freestyle, and Rachael Kelly defended her British Championship title in the 100m butterfly.",,,,,,,,,
ex_044,no,,"A nine-year-old boy was whipped with skipping ropes by his adoptive mother – for not knowing the story of Pinocchio. Photographs of the child, who was also beaten with metal rods and water pipes, have sparked outrage across China after they were shared online. His adoptive mother Li has been arrested on suspicion of child abuse after teachers at his school in Nanjing raised the alarm, says The People’s Daily. The nine-year-old boy was whipped with a skipping rope by his adoptive mother, leaving scars over his body . The 50-year-old had adopted the boy after when he was six after was given up by her cousin, who thought she was sending her child to a better life away from […]","The nine-year-old boy was whipped with a skipping rope by his adoptive mother. He was also beaten with metal rods and water pipes, leaving scars. Photographs of the child's horrific injuries were shared online. His adoptive mother Li has been arrested on suspicion of child abuse.","A nine-year-old boy in Nanjing, China, was severely abused by his adoptive mother, who whipped him with skipping ropes, metal rods, and water pipes for not knowing the story of Pinocchio. The abuse was discovered by his school six months ago, but it was only recently reported to authorities after his injuries worsened and he became withdrawn. The adoptive mother, Li, was arrested on suspicion of child abuse, and the boy has been returned to his biological parents. Photographs of his injuries sparked widespread outrage online, and psychologists have been enlisted to support the child.",,,,,,,,,
ex_045,yes,multi_entity,"A 39-year-old man allegedly impregnated his 17-year-old stepdaughter who gave birth alone at home while looking after her three-year-old sister, who then died in her care. Jondrew Lachaux, from Las Vegas, is married to the teenager's mother 38-year-old Kellie Phillips - they have six children together while the teen is from another relationship. Lachaux allegedly sexually assaulted the teenager and she had become pregnant, but she did not know, reports the Review Journal. A 39-year-old man impregnated his 17-year-old stepdaughter who gave birth alone at home while looking after her three-year-old sister, who then died in her care. Jondrew Lachaux (right) is married to the teenager's mother 38-year-old Kellie Phillips, (left) and assaulted her teen daughter . In August, Lachaux […]","Jondrew Lachaux, from Las Vegas, is married to the teenager's mother 38-year-old Kellie Phillips. They have six children together while the teen is from another relationship. She gave birth in her mom's bed - she did not have any medical help and did not take the newborn to the hospital. The teen ran out of food and began to suffer from malnutrition. She stopped breastfeeding after two months because she was so undernourished and switched to baby formula. It was during this period that the three-year old died - the cause of the death is under investigation.","Jondrew Lachaux, 39, allegedly impregnated his 17-year-old stepdaughter, who gave birth alone at home while caring for her three-year-old sister, who later died. Lachaux and the teen's mother, Kellie Phillips, left the girls behind during a six-month road trip, providing insufficient food and medication. The teen, suffering from malnutrition, gave birth without medical assistance and later faced charges of child abuse and concealing evidence. Lachaux was arrested on charges of child abuse and concealing evidence, while Phillips also faces child abuse charges, and their five other children are now in protective services. The 17-year-old stepdaughter also faces charges, with the district attorney questioning whether she should be punished or receive treatment.",,,,,,,,,
ex_046,no,,"Police have blasted motorists who played an impromptu game of football on the M25 after becoming stuck in a major traffic jam. Long tailbacks built up on both sides of the carriageway as a stretch of the motorway between junctions four and five in Ortford, Kent was closed so an air ambulance could land to rescue a seriously injured female motorcyclist. But during the hour-long delay today, Kent Police received reports that people started kicking a ball about in the closed stretch of the road. Motorists who were caught playing football on the M25 after becoming stuck in a major traffic jam on the motorway in Kent . They tweeted: 'We have reports people are playing football in the static […]","Long tailbacks built up on both sides of the carriageway as a stretch of the motorway between junctions four and five in Ortford, Kent was closed. But during the hour-long delay today, Kent Police received reports that people started kicking a ball about. Police tweeted warning motorists to remain inside their vehicles.","A section of the M25 motorway in Kent was closed due to a serious motorcycle accident, causing significant traffic delays. During the closure, some motorists exited their vehicles to play football on the carriageway, prompting a warning from Kent Police about the dangers of leaving vehicles in stationary traffic. Additionally, two teenagers who had crossed the motorway during the closure were stranded when the road reopened and required police assistance to return to their vehicle. The incident followed another serious event in Kent where a coach caught fire on an A2 slip road, causing significant damage.",,,,,,,,,
ex_047,no,,"This is the moment a driver deliberately blocked a sneaky motorist who tried to beat a traffic jam with an undertaking manoeuvre. Traffic had started to build up on the M58 around Switch Island on Merseyside, with one motorist filming the gridlock on a dashcam. But one driver in a silver Mercedes obviously wasn't prepared to wait in the queuing traffic on the outside lane, where vehicles were merging. Traffic began to build up on the M58 around Switch Island in Merseyside when a silver Mercedes attempted to undertake the trafffic . But a Renault driver wasn't happy and pulled into the inside lane to block the Mercedes from moving forwards . He attempted to sail up the inside lane […]",Traffic had started to build up on the M58 around Switch Island on Merseyside when a silver Mercedes attempted to undertake the trafffic. But a Renault driver wasn't happy and pulled into the inside lane to block the Mercedes from moving forwards. The incident was captured on a dashcam by a passing motorist and posted to Youtube by a user called Lancashire Dashcam.,"A silver Mercedes driver attempted to undertake traffic on the M58 near Switch Island in Merseyside to avoid a queue. A Renault driver blocked the Mercedes by pulling into the inside lane, preventing it from advancing. The Mercedes driver tried repeatedly to overtake and undertake the Renault, but the Renault driver swerved to block each attempt. The confrontation lasted over a minute, with both drivers shouting and pointing at each other. Eventually, the Mercedes driver was forced to wait in the queue like everyone else, and the incident was captured on dashcam and shared on YouTube, quickly gaining thousands of views.",,,,,,,,,
ex_048,no,,"A Saudi Arabian citizen has captured intense footage of a sandstorm sweeping its way across a street, engulfing everything in its path. Sandstorms caused havoc in Saudi Arabia last week with a number of flights being cancelled and schools being forced to close. Car crashes were also reported in other areas as parts of the Arabian Peninsula were plunged into darkness. Strong winds are believed to have caused the disruption, which resulted in nearby Dubai’s skyline almost disappearing and people suffering from respiratory problems. The footage, captured on camera in Saudi Arabia by Mohammed Mohsen, shows the sandstorm sweeping into the area in which he stands at a staggering speed. Like the aftermath of an explosion, the orange cloud engulfs […]","Sandstorms caused havoc in Saudi Arabia last week with a number of flights being cancelled and schools being forced to close. Strong winds are believed to have caused the disruption, which resulted in nearby Dubai’s skyline almost disappearing and people suffering from respiratory problems. Mohammed Mohsen captures the orange cloud getting thicker as it disperses and engulfs the road. The video concludes with the filmmaker moving the camera around to show the sheer capacity of the cloud.","A Saudi Arabian citizen, Mohammed Mohsen, captured footage of a powerful sandstorm sweeping across a street, engulfing everything in its path. The storm caused significant disruption in Saudi Arabia and neighboring countries, leading to flight cancellations, school closures, and car crashes. Strong winds and reduced visibility were reported, with the storm spreading across the Arabian Peninsula into the United Arab Emirates, Oman, and Yemen. Despite sandstorms being common in the region, this one was unusually large and destructive, prompting many to share their experiences and images on social media.",,,,,,,,,
ex_049,yes,multi_entity,"April Fool's pranks are meant to be a bit of light-hearted fun, intended to trigger smiles of embarrassment. But one grandfather unexpectedly reduced his grandchildren to floods of tears yesterday with his practical joke. Randy Johnston, 68, from Dallas, Texas, decided to leave two 'fake poops' on his granddaughters' beds. His son then went about filming the moment of discovery. But footage shows that the prank turned out to be decidedly disastrous, with Randy's six-year-old granddaughter Porter getting red-faced and dramatically crying in horror. Scroll down for video . Caught on camera: Randy Johnston, 68, from Dallas, Texas, decided to leave two 'fake poops' on his granddaughters' beds - His then went about filming the moment of discovery . Waterworks: […]","Randy Johnston, a 68-year-old grandfather from Dallas, Texas, played an April Fool's prank on his granddaughters by leaving fake poop on their beds, which was filmed by his son. The prank backfired when his six-year-old granddaughter, Porter, reacted with horror and tears, mistaking the fake poop for real. Porter's father tried to console her, explaining it was a joke, but she remained upset. Randy revealed he staged the prank in retaliation for a previous joke his granddaughters played on him, filling his office with stuffed animals. The incident highlights the potential for pranks to go awry, even within families with a history of practical jokes.","Randy Johnston, 68, from Dallas, Texas, decided to leave two 'fake poops' on his granddaughters' beds. His son then went about filming the moment of discovery. But footage shows that the prank turned out to be decidedly disastrous, with Randy's six-year-old granddaughter Porter getting red-faced and dramatically crying in horror.",,,,,,,,,
ex_050,no,,"A chameleon balances carefully on a branch, waiting calmly for its prey... except that if you look closely, you will see that this picture is not all that it seems. For the 'creature' poised to pounce is not a colourful species of lizard but something altogether more human. Featuring two carefully painted female models, it is a clever piece of sculpture designed to create an amazing illusion. It is the work of Italian artist Johannes Stoetter. Scroll down for video . Can you see us? Italian artist Johannes Stoetter has painted two naked women to look like a chameleon . The 37-year-old has previously transformed his models into frogs and parrots but this may be his most intricate and impressive […]",Italian artist Johannes Stoetter has painted two naked women to look like a chameleon. The 37-year-old has previously transformed his models into frogs and parrots. Stoetter daubed water-based body paint on the models to create the multicoloured effect. The finished result existed only briefly before the models were able to get up and wash the paint off.,"Italian artist Johannes Stoetter created a remarkable illusion by painting two female models to resemble a chameleon, using water-based body paint and intertwining them to form the creature's shape. The intricate piece, titled *The Chameleon*, took four days to design and six hours to paint, with the models resting on a matching bench and holding a green branch to complete the effect. Stoetter, known for transforming models into animals like frogs and parrots, draws inspiration from nature and everyday life, though his artworks exist only briefly before being washed off. The artist reflects that body painting teaches the impermanence of art and intensifies its appreciation.",,,,,,,,,
